id,asset_type,name,district,address,phone,alternate_phone,website,latitude,longitude,google_maps_link,source_url,verification_status,confidence,created_at,updated_at
HOSP_HYDE_001,Hospital,Nizam's Institute of Medical Sciences (NIMS),Hyderabad,"Punjagutta Road, Punjagutta Market, Punjagutta, Hyderabad, Telangana 500082",04023489000,04023489244,https://nims.edu.in/,17.4222,78.4533,https://www.googl e.com/maps/search/?api=1&query=17.4222,78.4533,HTTPS://NIMS.EDU.IN/,VERIFIED,2026-06-20T16:23:07.945531,2026-06-20T16:23:07.945531
HOSP_HYDE_002,Hospital,Osmania General Hospital,Hyderabad,"15-5-104, Begum Bazar, Afzal Gunj, Hyderabad, Telangana 500012",04024600121,04024600146,https://omc.ac.in/,17.3732,78.4764,https://www.google.c om/maps/search/?api=1&query=17.3732,78.4764,HTTPS://OMC.AC.IN/,VERIFIED,2026-06-20T16:23:07.945531,2026-06-20T16:23:07.945531
HOSP_HYDE_003,Hospital,Niloufer Hospital for Women and Children,Hyderabad,"11-4-721, Niloufer Hospital Rd, Red Hills, Lakdikapul, Hyderabad, Telangana 500004",04023394265,9343180000,https://nilouferhospital.in/,17.4042,78.4589,https://www.g oogle.com/maps/search/?api=1&query=17.4042,78.4589,HTTPS://NILOUFERHOSPITAL.IN/,VERIFIED,2026-06-20T16:23:07.945531,2026-06-20T16:23:07.945531
HOSP_HYDE_004,Hospital,Sir Ronald Ross Institute of Tropical and Communicable Diseases (Fever Hospital),Hyderabad,"Nallakunta, Hyderabad, Telangana 500044",04027403912,,UNVERIFIED,17.3965,78.502,https://www.google.com/maps /search/?api=1&query=17.3965,78.502,HTTPS://WWW.PROGNOHEALTH.COM/BLOG/GENERAL/LIST-OF-GOVE RNMENT-HOSPITALS-IN-HYDERABAD,VERIFIED,2026-06-20T16:23:07.945531,2026-06-20T16:23:07.945531
HOSP_HYDE_005,Hospital,District Hospital King Koti,Hyderabad,"3-5-773, King Koti Rd, King Koti, Hyderguda, Hyderabad, Telangana 500001",04024753474,,UNVERIFIED,17.3892,78.4835,https://www.google.com/map s/search/?api=1&query=17.3892,78.4835,HTTPS://WWW.ROC-TAIWAN.ORG/INMAA_EN/POST/3246.HTML,V ERIFIED,2026-06-20T16:23:07.945531,2026-06-20T16:23:07.945531
HOSP_SECU_001,Hospital,Gandhi Medical College & Hospital,Secunderabad,"Bhoiguda Road, M.I.G.H colony, Musheerabad, Padmarao Nagar, Secunderabad, Telangana 500003",04027505566,04027502742,https://gmcsecunderabad.org/,17.4244,78.5028,https:// www.google.com/maps/search/?api=1&query=17.4244,78.5028,HTTPS://GMCSECUNDERABAD.ORG/, VERIFIED,2026-06-20T16:23:07.945531,2026-06-20T16:23:07.945531
HOSP_SECU_002,Hospital,KIMS Hospital (Krishna Institute of Medical Sciences),Secunderabad,"1-8-31/1, Minister Road, Secunderabad, Telangana 500003",04044885000,,https://www.kimshospitals.com/secunderabad/,17.4335,,https://www.google.com/maps/search/?api=1&query=17.4335,78.4842,HTTPS://WWW.KIMS HOSPITALS.COM/SECUNDERABAD/,VERIFIED,2026-06-20T16:23:07.945531,2026-06-20T16:23:07.945531
HOSP_SANG_001,Hospital,Government General Hospital Sangareddy,Sangareddy,"Beside Collectorate Office, Ahmed Nagar, Sangareddy, Telangana 502001",8688265135,7036030242,https://gmcsangareddy.org/,17.6294,78.0928,https://www.go ogle.com/maps/search/?api=1&query=17.6294,78.0928,HTTPS://GMCSANGAREDDY.ORG/,VERIFIED,2026-06-20T16:23:07.945531,2026-06-20T16:23:07.945531
HOSP_SANG_002,Hospital,MNR Medical College & Hospital,Sangareddy,"MNR Nagar, Fasalwadi, Sangareddy, Telangana 502294",08455230523,08455230527,https://mnrmch.mnrindia.org/,17.6213,78.1259,https://ww w.google.com/maps/search/?api=1&query=17.6213,78.1259,HTTPS://MNRMCH.MNRINDIA.ORG/,VERIFI ED,2026-06-20T16:23:07.945531,2026-06-20T16:23:07.945531
HOSP_WARA_001,Hospital,Mahatma Gandhi Memorial (MGM) Hospital,Warangal,"Near MGM Circle, Sherpura, Mattewada, Warangal, Telangana 506002",08702425556,9849903030,https://www.kmcwgl.com/mgmh.html,17.9812,79.6015,htt ps://www.google.com/maps/search/?api=1&query=17.9812,79.6015,HTTPS://WARANGAL.TELANGANA.G OV.IN/HEALTH/,VERIFIED,2026-06-20T16:23:07.945531,2026-06-20T16:23:07.945531
HOSP_WARA_002,Hospital,CKM Government Maternity Hospital,Warangal,"H. No. 8, Matwada, 8-216, Market Street, Sri Krishna Colony, Girmajipet, Warangal, Telangana 506002",9849903033,,UNVERIFIED,17.9785,79.6033,https://www.google.com/maps/ search/?api=1&query=17.9785,79.6033,HTTPS://WARANGAL.TELANGANA.GOV.IN/HEALTH/,VERIFIED,2026-06-20T16:23:07.945531,2026-06-20T16:23:07.945531
HOSP_WARA_003,Hospital,Regional Eye Hospital Warangal,Warangal,"Auto Nagar Rd, M.G.M, Auto Nagar, Kothawada, Warangal, Telangana 506002",9849191090,,UNVERIFIED,17.9855,79.6022,https://www.google.com/maps/ search/?api=1&query=17.9855,79.6022,HTTPS://WARANGAL.TELANGANA.GOV.IN/HEALTH/,VERIFIED,2026-06-20T16:23:07.945531,2026-06-20T16:23:07.945531
HOSP_NIZA_001,Hospital,Government General Hospital Nizamabad,Nizamabad,"GGH Road, Khaleelwadi, Nizamabad, Telangana 503001",8074355406,08462221943,http://gmcnizamabad.org/,18.6743,78.0987,https://www.go ogle.com/maps/search/?api=1&query=18.6743,78.0987,HTTPS://NIZAMABAD.TELANGANA.GOV.IN/MEDI CAL-HEALTH/,VERIFIED,2026-06-20T16:23:07.945531,2026-06-20T16:23:07.945531
HOSP_NIZA_002,Hospital,Pragathi Hospital Nizamabad,Nizamabad,"G.H. Road, Ashok Nagar, Khaleelwadi, Nizamabad, Telangana 503001",08462224321,,https://pragathihospitals.com/,18.672,78.095,https://www.g oogle.com/maps/search/?api=1&query=18.672,78.095,HTTPS://WWW.CHOLAINSURANCE.COM/CASHLES S-HOSPITALS/NIZAMABAD,VERIFIED,2026-06-20T16:23:07.945531,2026-06-20T16:23:07.945531
HOSP_KARI_001,Hospital,Government General Hospital Karimnagar,Karimnagar,"Christian Colony, Karimnagar, Telangana 505001",9246474802,9944387201,https://www.gmcknr.com/gmcknr.html,18.4355,79.1321,https:/ /www.google.com/maps/search/?api=1&query=18.4355,79.1321,HTTPS://KARIMNAGAR.TELANGANA.GO V.IN/DIRECTORY/,VERIFIED,2026-06-20T16:23:07.945531,2026-06-20T16:23:07.945531
HOSP_KARI_002,Hospital,Chalmeda Anand Rao Institute of Medical Sciences (CAIMS),Karimnagar,"Bommakal, Karimnagar, Telangana 505001",08782224922,08782285565,https://caims.in/,18.4611,79.1555,https://www.google.com /maps/search/?api=1&query=18.4611,79.1555,HTTPS://CAIMS.IN/,VERIFIED,2026-06-20T16:23:07.945531,2026-06-20T16:23:07.945531
HOSP_KHAM_001,Hospital,Government General Hospital Khammam,Khammam,"Near Khammam Railway Station, Wyra Road, Khammam, Telangana 507001",6304525859,08742222301,https://gmckhammam.org/,17.2514,80.1415,https://www.go ogle.com/maps/search/?api=1&query=17.2514,80.1415,HTTPS://GMCKHAMMAM.ORG/GOVERNMENT-G ENERAL-HOSPITAL/,VERIFIED,2026-06-20T16:23:07.945531,2026-06-20T16:23:07.945531
HOSP_KHAM_002,Hospital,Mamata General & Super Speciality Hospital,Khammam,"Giriprasad Nagar, Wyra Road, Khammam, Telangana 507002",08742230860,08742230850,http://mamatamedicalcollege.com/,17.2604,80.1344,htt ps://www.google.com/maps/search/?api=1&query=17.2604,80.1344,HTTP://MAMATAMEDICALCOLLE GE.COM/,VERIFIED,2026-06-20T16:23:07.945531,2026-06-20T16:23:07.945531
HOSP_SURY_001,Hospital,Government General Hospital Suryapet,Suryapet,"GGH Campus, Suryapet, Telangana 508213",9848011080,9848051732,https://gmcsuryapet.com/,17.14,79.61,https://www.google.co m/maps/search/?api=1&query=17.14,79.61,HTTPS://SURYAPET.TELANGANA.GOV.IN/DISTRICT-OFFICERS/,VER IFIED,2026-06-20T16:23:07.945531,2026-06-20T16:23:07.945531
HOSP_SIDD_001,Hospital,Government General Hospital Siddipet,Siddipet,"Near Komati Cheruvu, P.O. Siddipet, Telangana 502103",08457224108,6304745469,https://gmcsiddipet.org/,18.09,78.83,https://www.google.co m/maps/search/?api=1&query=18.09,78.83,HTTPS://GMCSIDDIPET.ORG/CONTACT-US/HOSPITAL-COLLEGE -NUMBERS/,VERIFIED,2026-06-20T16:23:07.945531,2026-06-20T16:23:07.945531
HOSP_MAHA_001,Hospital,Government General Hospital Mahabubnagar,Mahabubnagar,"Opposite Reliance Mart, PR Colony, Mahabubnagar, Telangana 509001",8333811707,08542241111,UNVERIFIED,16.75,78.01,https://www.google.com/maps/sear ch/?api=1&query=16.75,78.01,HTTPS://MAHABUBNAGAR.TELANGANA.GOV.IN/HEALTH/,VERIFIED,2026-06-20T16:23:07.945531,2026-06-20T16:23:07.945531
HOSP_NALG_001,Hospital,Government General Hospital Nalgonda,Nalgonda,"Gollaguda, Rahamath Nagar, Nalgonda, Telangana 508001",8790997083,8074397083,UNVERIFIED,17.06,79.28,https://www.google.com/maps/sear ch/?api=1&query=17.06,79.28,HTTPS://PALLIUMINDIA.ORG/CLINICS/TELANGANA,VERIFIED,2026-06-20T16:23:07.945531,2026-06-20T16:23:07.945531
HOSP_ADIL_001,Hospital,Rajiv Gandhi Institute of Medical Sciences (RIMS) Adilabad,Adilabad,"NH 7, Rickshaw Colony, Adilabad, Telangana 504001",08732220521,08732220524,https://rimsadilabad.org/,19.6641,78.5322,https://www.go ogle.com/maps/search/?api=1&query=19.6641,78.5322,HTTPS://RIMSADILABAD.ORG/CONTACT/,VERIFIE D,2026-06-20T16:23:07.945531,2026-06-20T16:23:07.945531
HOSP_MEDA_001,Hospital,Government General Hospital Medak,Medak,"Jambikunta, Medak District, Telangana 502110",08452293846,9848034175,https://gmcmedak.org/,18.0433,78.2612,https://www.googl e.com/maps/search/?api=1&query=18.0433,78.2612,HTTPS://GMCMEDAK.ORG/,VERIFIED,2026-06-20T16:23:07.945531,2026-06-20T16:23:07.945531
HOSP_JAGT_001,Hospital,Government General Hospital Jagtial,Jagtial,"Near Old Bus Stand, Jagtial, Telangana 505327",6303877174,,https://www.gmcjagtial.com,18.7915,78.9135,https://www.goo gle.com/maps/search/?api=1&query=18.7915,78.9135,HTTPS://BODMASEDUCATION.COM/GOVERNMEN T-MEDICAL-COLLEGE-JAGITYAL,VERIFIED,2026-06-20T16:23:07.945531,2026-06-20T16:23:07.945531
HOSP_BHAD_001,Hospital,Government General Hospital Bhadradri Kothagudem,Bhadradri Kothagudem,"Palvancha, Bhadradri Kothagudem District, Telangana 507101",6302030827,,https://gmckothagudem.org/,17.5532,80.6214,https://www.go ogle.com/maps/search/?api=1&query=17.5532,80.6214,HTTPS://GMCKOTHAGUDEM.ORG/,VERIFIED,2026-06-20T16:23:07.945531,2026-06-20T16:23:07.945531
HOSP_WANA_001,Hospital,Government General Hospital Wanaparthy,Wanaparthy,"Survey No. 200/3, Marrikunta, Pebbair Road, Wanaparthy, Telangana 509103",9848709350,9704879392,https://www.gmcwanaparthy.org/,16.3621,78.0614,https://ww w.google.com/maps/search/?api=1&query=16.3621,78.0614,HTTPS://WWW.GMCWANAPARTHY.ORG/,V ERIFIED,2026-06-20T16:23:07.945531,2026-06-20T16:23:07.945531
HOSP_JANG_001,Hospital,Government General Hospital Jangaon,Jangaon,"Champak Hills, Jangaon, Telangana 506167",9640710628,9440264209,https://gmcjangaon.org,17.72,79.16,https://www.google.com/ maps/search/?api=1&query=17.72,79.16,HTTPS://GMCJANGAON.ORG,VERIFIED,2026-06-20T16:23:07.945531,2026-06-20T16:23:07.945531
HOSP_MANC_001,Hospital,Government General Hospital Mancherial,Mancherial,"708, Garmilla Village, Mancherial Tehsil, Telangana 504208",08736220106,9440094817,https://gmcmancherial.org,18.87,79.44,https://www.google. com/maps/search/?api=1&query=18.87,79.44,HTTPS://GMCMANCHERIAL.ORG,VERIFIED,2026-06-20T16:23:07.945531,2026-06-20T16:23:07.945531
HOSP_KAMA_001,Hospital,Government General Hospital Kamareddy,Kamareddy,"Office Of The Principal, Government Medical College, Devanpally, Kamareddy, Telangana 503111",9849414876,6305600939,UNVERIFIED,18.31,78.33,https://www.google.com/maps/search /?api=1&query=18.31,78.33,HTTPS://WWW.KNRUHS.TELANGANA.GOV.IN/AFFILIATED-COLLEGES/,VERIFIED,2026-06-20T16:23:07.945531,2026-06-20T16:23:07.945531
HOSP_NAGA_001,Hospital,Government General Hospital Nagarkurnool,Nagarkurnool,"Survey Number 237, Uyyalawada, Nagarkurnool, Telangana 509209",7702329573,,UNVERIFIED,16.48,78.33,https://www.google.com/maps/searc h/?api=1&query=16.48,78.33,HTTPS://WWW.KNRUHS.TELANGANA.GOV.IN/AFFILIATED-COLLEGES/,VERIFIED,2026-06-20T16:23:07.945531,2026-06-20T16:23:07.945531
HOSP_NIRM_001,Hospital,Government Area Hospital Nirmal,Nirmal,"Mini Tank Bund Road, Gajulpet, Nirmal, Telangana 504106",9849653126,9848034175,UNVERIFIED,19.09,78.34,https://www.google.com/maps/searc h/?api=1&query=19.09,78.34,HTTPS://NIRMAL.TELANGANA.GOV.IN/PUBLIC-UTILITY-CATEGORY/HOSPITALS/,VE RIFIED,2026-06-20T16:23:07.945531,2026-06-20T16:23:07.945531
HOSP_JOGU_001,Hospital,Government General Hospital Jogulamba Gadwal,Jogulamba Gadwal,"Shaik Hussain Colony, Gadwal Town, Jogulamba Gadwal District, Telangana 509125",8008188253,,UNVERIFIED,16.27,77.8,https://www.google.com/maps/search/ ?api=1&query=16.27,77.8,HTTPS://WWW.KNRUHS.TELANGANA.GOV.IN/AFFILIATED-COLLEGES/,VERIFIED,2026-06-20T16:23:07.945531,2026-06-20T16:23:07.945531
HOSP_MULU_001,Hospital,Government General Hospital Mulugu,Mulugu,"Government General Hospital, Mulugu, Telangana 506342",9440116365,7670867046,UNVERIFIED,18.19,79.94,https://www.google.com/maps/searc h/?api=1&query=18.19,79.94,HTTPS://WWW.KNRUHS.TELANGANA.GOV.IN/AFFILIATED-COLLEGES/,VERIFIED,2026-06-20T16:23:07.945531,2026-06-20T16:23:07.945531
HOSP_YADA_001,Hospital,District Hospital Bhongir,Yadadri Bhuvanagiri,"District Hospital Bhongir, Yadadri Bhongir District, Telangana 508116",9493467116,,UNVERIFIED,17.51,78.89,https://www.google.com/maps/search/ ?api=1&query=17.51,78.89,HTTPS://WWW.KNRUHS.TELANGANA.GOV.IN/AFFILIATED-COLLEGES/,VERIFIED,2026-06-20T16:23:07.945531,2026-06-20T16:23:07.945531
FIRE_HYDE_001,Fire Station,Secunderabad Fire Station,Hyderabad,"Sardar Patel Road, Secunderabad, Hyderabad-500003, Telangana",8712699428,8712699429,,,,https://www.google.com/maps/search/?api=1&query=Secunderabad+Fire+Station+Secunderabad+Telangana,[11†L39-L42],UNVERIFIED,LOW,2026-06-20T16:23:07.945531,2026-06-20T16:23:07.945531
FIRE_RANG_001,Fire Station,Moula Ali Fire Station,Rangareddy,"Near IICT, Moula Ali, Hyderabad-500040, Telangana",8712699434,8712699435,,,,https://www.google.com/ maps/search/?api=1&query=Moula+Ali+Fire+Station+Hyderabad+Telangana,[27†L39-L41],UNVERIFIED,LOW,2026-06-20T16:23:07.945531,2026-06-20T16:23:07.945531
FIRE_HYDE_002,Fire Station,Salarjung Museum Fire Station,Hyderabad,"Salar Jung Museum Road, Naya Pul, Darul Shifa, Hyderabad-500002, Telangana",8712699416,8712699417,,,,https://www.google.com/maps/search/?api=1&query=Salarjung+Museum+Fire+Station+Hyderabad+Telangana,[28†L1-L3],UNVERIFIED,LOW,2026-06-20T16:23:07.945531,2026-06-20T16:23:07.945531
FIRE_HYDE_003,Fire Station,Malakpet Fire Station,Hyderabad,"Near Government Printing Press, Chanchalguda, Malakpet, Hyderabad-500036, Telangana",8712699414,8712699415,,,,https://www.google.com/maps/search/?api=1&query=Malakpet+Fire+Station+Hyderabad+Telangana,[31†L39-L43],UNVERIFIED,LOW,2026-06-20T16:23:07.945531,2026-06-20T16:23:07.945531
FIRE_HYDE_004,Fire Station,Langer House Fire Station,Hyderabad,"9-1-20/A/2, Beside Kendriya Vidyalaya, Langer House, Hyderabad-500008, Telangana",8712699420,8712699421,,,,https://www.google.com/maps/search/?api=1&query=Langer+House+Fire+Station+Hyderabad+Telangana,[34†L30-L33],UNVERIFIED,LOW,2026-06-20T16:23:07.945531,2026-06-20T16:23:07.945531
FIRE_HYDE_005,Fire Station,Snorkel Fire Station,Hyderabad,Secunderabad Cantonment (Hyderabad),8712699432,8712699433,,,,,[20†L85-L92],UNVERIFIED,LOW,2026-06-20T16:23:07.945531,2026-06-20T16:23:07.945531
FIRE_HYDE_006,Fire Station,Chandulal Baradari Fire Station,Hyderabad,"Bahadurpura, Hyderabad-500064, Telangana",8712699412,,,,,[20†L89-L92],UNVERIFIED,LOW,LOW,2026-06-20T16:23:07.945531,2026-06-20T16:23:07.945531
FIRE_HYDE_007,Fire Station,Moghalpura Fire Station,Hyderabad,"23-1-664, Opposite Charminar Bus Stop, Moghalpura, Hyderabad-500002, Telangana",8712699408,8712699409,,,,https://www.google.com/maps/search/?api=1&query=Moghalpura+Fire+Station+Hyderabad+Telangana,[36†L30-L34],UNVERIFIED,LOW,2026-06-20T16:23:07.945531,2026-06-20T16:23:07.945531
FIRE_HYDE_008,Fire Station,Sanath Nagar Fire Station,Hyderabad,"Sanath Nagar, Hyderabad-500018, Telangana",8712699430,8712699431,,,,https://www.google.com/ maps/search/?api=1&query=Sanath+Nagar+Fire+Station+Hyderabad+Telangana,[39†L39-L42],UNVERIFIED,LOW,2026-06-20T16:23:07.945531,2026-06-20T16:23:07.945531
FIRE_HYDE_009,Fire Station,Gowliguda Fire Station,Hyderabad,"5-1-1071/72, Near Gurudwara, Gowliguda, Hyderabad-500012, Telangana",8712699410,8712699411,,,,https://www.google.com/maps/search/?api=1&query=Gowliguda+Fire+Station+Hyderabad+Telangana,[40†L30-L34],UNVERIFIED,LOW,2026-06-20T16:23:07.945531,2026-06-20T16:23:07.945531
BB_BHAD_001,Blood Bank,IRCS Blood Centre Bhadrachalam,Bhadradri Kothagudem,"9-1-18/4, Flood Shelter, Kunavaram Road, Medical Colony, Bhadrachalam, Telangana 507111",9494728027,, ,,, ,https://www.indianredcross.org/ircs/ ircsbloodbanks/,VERIFIED,HIGH,2026-06-20T16:23:07.945531,2026-06-20T16:23:07.945531
BB_WARA_001,Blood Bank,IRCS Blood Centre Hanumakonda,Warangal,"2-7-941, Opposite District Collectorate, Subedari, Hanumakonda, Telangana 506001",8247314427,08702456765, ,,, ,https://www.indianredcross.org/ircs/ ircsbloodbanks/,VERIFIED,HIGH,2026-06-20T16:23:07.945531,2026-06-20T16:23:07.945531
BB_KARI_001,Blood Bank,IRCS Blood Centre Karimnagar,Karimnagar,"4-1-22, Near SBI Main Branch, Osmanpura, Karimnagar, Telangana 505001",9949518963,08782970077, ,,, ,https:// www.indianredcross.org/ircs/ircsbloodbanks/,VERIFIED,HIGH,2026-06-20T16:23:07.945531,2026-06-20T16:23:07.945531
BB_NIZA_001,Blood Bank,IRCS Blood Centre Nizamabad,Nizamabad,"#5-5-8/1, Behind MRO Office Khaleelwadi, Nizamabad, Telangana 503001",8688887004,, ,,, ,https:// www.indianredcross.org/ircs/ircsbloodbanks/,VERIFIED,HIGH,2026-06-20T16:23:07.945531,2026-06-20T16:23:07.945531
BB_HYDE_001,Blood Bank,Red Cross Blood Centre Vidyanagar,Hyderabad,"#1-9-310, Vidyanagar, Street No.14, Achyuthreddy Marg, Hyderabad, Telangana 500044",7032888001,04027633087, ,,, ,https://www.indianredcross.org/ircs/ ircsbloodbanks/,VERIFIED,HIGH,2026-06-20T16:23:07.945531,2026-06-20T16:23:07.945531
AS_STAT_001,Ambulance Service,108 Emergency Response Service (GVK EMRI) - Telangana Statewide,Statewide,"GVK EMRI, Devar Yamzal, Medchal, Hyderabad -501401",108,,https://emri.in/,,,,https://emri.in/,VERIFIED,HIGH,2026-06-20T16:23:07.945531,2026-06-20T16:23:07.945531
AS_STAT_002,Ambulance Service,104 Health Advice / Mobile Medical Unit Helpline - Telangana,Statewide,Government of Telangana,104,,https://emri.in/,,,,https://emri.in/,VERIFIED,HIGH,2026-06-20T16:23:07.945531,2026-06-20T16:23:07.945531
AS_STAT_003,Ambulance Service,102 Amma Vodi / Maternal-Child Transport - Telangana,Statewide,Government of Telangana,102,,https://hfw.telangana.gov.in/,,,,https://hfw.telangana.gov.in/,VERIFIED,MEDI UM,2026-06-20T16:23:07.945531,2026-06-20T16:23:07.945531
AS_STAT_004,Ambulance Service,National Ambulance Service (Dial 112 Integrated),Statewide,Government of Telangana,112,108,https://www.tspolice.gov.in/,,,,https://hyderabad.telangana.gov.in/helpline/ ,VERIFIED,HIGH,2026-06-20T16:23:07.945531,2026-06-20T16:23:07.945531
AS_HYDE_001,Ambulance Service,Hyderabad District Ambulance Helpline (108),Hyderabad,"Hyderabad District, Telangana",108,,https://hyderabad.telangana.gov.in/helpline/,,,,https://hyderabad.telangana. gov.in/helpline/,VERIFIED,HIGH,2026-06-20T16:23:07.945531,2026-06-20T16:23:07.945531
AS_SANG_001,Ambulance Service,Sangareddy District Ambulance Helpline (108),Sangareddy,"Sangareddy District, Telangana",108,,https://sangareddy.telangana.gov.in/helpline/,,,,https://sangareddy.telangan a.gov.in/helpline/,VERIFIED,HIGH,2026-06-20T16:23:07.945531,2026-06-20T16:23:07.945531
AS_KHAM_001,Ambulance Service,Khammam District Ambulance Helpline (108),Khammam,"Khammam District, Telangana",108,,https://khammam.telangana.gov.in/helpline/,,,,https://khammam.telangana.g ov.in/helpline/,VERIFIED,HIGH,2026-06-20T16:23:07.945531,2026-06-20T16:23:07.945531
AS_KARI_001,Ambulance Service,Karimnagar District Ambulance Helpline (108),Karimnagar,"Karimnagar District, Telangana",108,,https://karimnagar.telangana.gov.in/helpline/,,,,https://karimnagar.telangana. gov.in/helpline/,VERIFIED,HIGH,2026-06-20T16:23:07.945531,2026-06-20T16:23:07.945531
AS_NIZA_001,Ambulance Service,Nizamabad District Ambulance Helpline (108),Nizamabad,"Nizamabad District, Telangana",108,,https://nizamabad.telangana.gov.in/helpline/,,,,https://nizamabad.telangana. gov.in/helpline/,VERIFIED,MEDIUM,2026-06-20T16:23:07.945531,2026-06-20T16:23:07.945531
AS_WARA_001,Ambulance Service,Warangal District Ambulance Helpline (108),Warangal,"Warangal District, Telangana",108,,https://hanumakonda.telangana.gov.in/helpline/,,,,https://hanumakonda.tela ngana.gov.in/helpline/,VERIFIED,HIGH,2026-06-20T16:23:07.945531,2026-06-20T16:23:07.945531
AS_HYDE_002,Ambulance Service,GHMC / HMR Disaster Ambulance Support (Hyderabad),Hyderabad,"GHMC, Hyderabad, Telangana",04021111111,,https://www.ghmc.gov.in/,,,,https://www.ghmc.gov.in/,UNVERIFIE D,LOW ``` KEY SUPPORTING EVIDENCE: - 108 / 104 SERVICES IN TELANGANA ARE OPERATED BY GVK EMRI; 108 IS THE EMERGENCY AMBULANCE AND 104 THE HEALTH ADVISORY/MOBILE MEDICAL UNIT LINE. - THE UNIVERSAL HELPLINE SET INCLUDING AMBULANCE: 108 AND DISASTER HELP LINE: 1077 IS CONFIRMED ACROSS THE OFFICIAL DISTRICT `.GOV.IN` HELPLINE PAGES (HYDERABAD,2026-06-20T16:23:07.945531,2026-06-20T16:23:07.945531
DMO_HYDE_001,Disaster Management Office,Telangana State SDMA - Special Chief Secretary Office,Hyderabad,"Telangana Fire Disaster Response Emergency and Civil Defence Department, Beside IRDA Building, Nanakramguda, Financial District, Hyderabad -500032",04023452143,04023450170,https://fire.telangana.gov.in,17.408500,78.349200,http s://maps.google.com/?q=IRDA+Nanakramguda+Hyderabad,http://nidm.gov.in/pdf/sbc_sdma .pdf,VERIFIED,HIGH,2026-06-20T16:23:07.945531,2026-06-20T16:23:07.945531
FIRE_HYDE_010,Fire Station,Telangana State Disaster Response and Fire Services Department (HQ),Hyderabad,"1-7-43/46, Sardar Patel Road, Sappu Bagh Apartment, Jogani, Ramgopalpet, Hyderabad -500003",04023442955,,https://fire.telangana.gov.in,,,https://maps.google.com/?q=1-7-43+Sa rdar+Patel+Road+Ramgopalpet+Hyderabad,https://hyderabad.telangana.gov.in/disaster-ma nagement/,VERIFIED,HIGH,2026-06-20T16:23:07.945531,2026-06-20T16:23:07.945531
DMO_HYDE_002,Disaster Management Office,Telangana State Multi Agency Disaster Management Centre (TGICCC),Hyderabad,"Tower-A, ICCC Building, Road No. 12, Banjara Hills, Hyderabad -500034",112,100,https://www.tspolice.gov.in,17.414778,78.427500,https://maps.google.com/ ?q=17.414778+78.427500,https://en.wikipedia.org/wiki/Telangana_Integrated_Command_an d_Control_Centre,VERIFIED,HIGH,2026-06-20T16:23:07.945531,2026-06-20T16:23:07.945531
DMO_HYDE_003,Disaster Management Office,GHMC Disaster Management Cell,Hyderabad,"CC Complex, Tank Bund Road, Lower Tank Bund, Hyderabad -500063",9000113667,,https://www.ghmc.gov.in,,,https://maps.google.com/?q=GHMC+Tank+ Bund+Hyderabad,https://www.ghmc.gov.in/Disaster.aspx,VERIFIED,HIGH,2026-06-20T16:23:07.945531,2026-06-20T16:23:07.945531
DMO_HYDE_004,Disaster Management Office,HYDRAA - Disaster Management Wing,Hyderabad,"Buddha Bhavan, Secunderabad, Hyderabad, Telangana",8712406901,9000113667,https://www.hydraa.telangana.gov.in,,,https://maps.go ogle.com/?q=Buddha+Bhavan+Secunderabad+Hyderabad,https://en.wikipedia.org/wiki/HYD RAA,VERIFIED,HIGH,2026-06-20T16:23:07.945531,2026-06-20T16:23:07.945531
DMO_HYDE_005,Disaster Management Office,Hyderabad District Disaster Management Authority (DDMA),Hyderabad,"# 6-3-1216/45A, Monarick Building, Methodist Colony, Kundanbagh Colony, Begumpet, Hyderabad -500016",04023305263,,http://www.wcdm.info,,,https://maps.google.com/?q=6-3-1216+Meth odist+Colony+Begumpet+Hyderabad,https://hyderabad.telangana.gov.in/disaster-managem ent/,VERIFIED,HIGH,2026-06-20T16:23:07.945531,2026-06-20T16:23:07.945531
DMO_KHAM_001,Disaster Management Office,Khammam District Disaster Management Authority (DDMA),Khammam,"District Collectorate, V.V. Palem, Khammam, Telangana -507318",1078,108,https://khammam.telangana.gov.in,,,https://maps.google.com/?q=Khamm am+Collectorate,https://khammam.telangana.gov.in/disaster-management/,VERIFIED,HIGH,2026-06-20T16:23:07.945531,2026-06-20T16:23:07.945531
DMO_WARA_001,Disaster Management Office,Warangal District Disaster Management Authority (DDMA),Warangal,"District Collectorate, Warangal, Telangana",1078,108,https://warangal.telangana.gov.in,,,https://maps.google.com/?q=Waran gal+District+Collectorate,https://warangal.telangana.gov.in/disaster-management/,VERIFIED ,HIGH,2026-06-20T16:23:07.945531,2026-06-20T16:23:07.945531
DMO_HANU_001,Disaster Management Office,Hanumakonda District Disaster Management Authority (DDMA),Hanumakonda,"District Collectorate, Hanumakonda, Telangana",1078,108,https://hanumakonda.telangana.gov.in,,,https://maps.google.com/?q=H anumakonda+Collectorate,https://hanumakonda.telangana.gov.in/disaster-management/,VE RIFIED,HIGH,2026-06-20T16:23:07.945531,2026-06-20T16:23:07.945531
DMO_MAHA_001,Disaster Management Office,Mahabubabad District Disaster Management Authority (DDMA),Mahabubabad,"District Collectorate, Mahabubabad, Telangana",1078,108,https://mahabubabad.telangana.gov.in,,,https://maps.google.com/?q= Mahabubabad+Collectorate,https://mahabubabad.telangana.gov.in/disaster-management/,V ERIFIED,HIGH,2026-06-20T16:23:07.945531,2026-06-20T16:23:07.945531
DMO_SURY_001,Disaster Management Office,Suryapet District Disaster Management Authority (DDMA),Suryapet,"District Collectorate, Suryapet, Telangana",1078,108,https://suryapet.telangana.gov.in,,,https://maps.google.com/?q=Suryap et+Collectorate,https://suryapet.telangana.gov.in/disaster-management/,VERIFIED,HIGH,2026-06-20T16:23:07.945531,2026-06-20T16:23:07.945531
DMO_JANG_001,Disaster Management Office,Jangaon District Disaster Management Authority (DDMA),Jangaon,"District Collectorate, Jangaon, Telangana",1078,108,https://jangaon.telangana.gov.in,,,https://maps.google.com/?q=Jangao n+Collectorate,https://jangaon.telangana.gov.in/disaster-management/,VERIFIED,HIGH,2026-06-20T16:23:07.945531,2026-06-20T16:23:07.945531
DMO_JAYA_001,Disaster Management Office,Jayashankar Bhupalpally District Disaster Management Authority (DDMA),Jayashankar Bhupalpally,"District Collectorate, Bhupalpally, Telangana",1078,108,https://bhoopalapally.telangana.gov.in,,,https://maps.google.com/?q=B hupalpally+Collectorate,https://bhoopalapally.telangana.gov.in/disaster-management/,VERIF IED,HIGH,2026-06-20T16:23:07.945531,2026-06-20T16:23:07.945531
DMO_SANG_001,Disaster Management Office,Sangareddy District Disaster Management Authority (DDMA),Sangareddy,"Integrated Collectorate Complex, Sangareddy -502001",1078,08455276505,https://sangareddy.telangana.gov.in,,,https://maps.google.com/ ?q=Sangareddy+Collectorate,https://sangareddy.telangana.gov.in/helpline/,VERIFIED,HIGH,2026-06-20T16:23:07.945531,2026-06-20T16:23:07.945531
DMO_WANA_001,Disaster Management Office,Wanaparthy District Disaster Response and Fire Services,Wanaparthy,"District Collectorate, Wanaparthy, Telangana",101,1078,https://wanaparthy.telangana.gov.in,,,https://maps.google.com/?q=Wa naparthy+Collectorate,https://wanaparthy.telangana.gov.in/disaster-response-fire-services-d epartment/,VERIFIED,HIGH,2026-06-20T16:23:07.945531,2026-06-20T16:23:07.945531
DMO_NIZA_001,Disaster Management Office,Nizamabad District Disaster Management Authority (DDMA),Nizamabad,"District Collectorate, Nizamabad -503002",1078,108,https://nizamabad.telangana.gov.in,,,https://maps.google.com/?q=Nizama bad+Collectorate,https://www.telangana.gov.in/contacts/,VERIFIED,MEDIUM,2026-06-20T16:23:07.945531,2026-06-20T16:23:07.945531
DMO_KARI_001,Disaster Management Office,Karimnagar District Disaster Management Authority (DDMA),Karimnagar,"Collectorate Complex, Karimnagar -505001",1078,108,https://karimnagar.telangana.gov.in,,,https://maps.google.com/?q=Karimn agar+Collectorate,https://karimnagar.telangana.gov.in/departments/district-hospital-karimnag ar/,VERIFIED,MEDIUM,2026-06-20T16:23:07.945531,2026-06-20T16:23:07.945531
DMO_RANG_001,Disaster Management Office,Rangareddy District Disaster Management Authority (DDMA),Rangareddy,"District Collectorate, Rangareddy, Hyderabad",1078,04023230811,https://rangareddy.telangana.gov.in,,,https://maps.google.co m/?q=Rangareddy+Collectorate,https://covid19.telangana.gov.in/control-rooms/,VERIFIED, MEDIUM,2026-06-20T16:23:07.945531,2026-06-20T16:23:07.945531
DMO_MEDC_001,Disaster Management Office,Medchal-Malkajgiri District Disaster Management Authority (DDMA),Medchal-Malkajgiri,"District Collectorate, Medchal, Telangana",1078,108,https://medchal.telangana.gov.in,,,https://maps.google.com/?q=Medch al+Collectorate,https://www.telangana.gov.in/contacts/,VERIFIED,MEDIUM,2026-06-20T16:23:07.945531,2026-06-20T16:23:07.945531
DMO_NALG_001,Disaster Management Office,Nalgonda District Disaster Management Authority (DDMA),Nalgonda,"District Collectorate, Nalgonda, Telangana",1078,108,https://nalgonda.telangana.gov.in,,,https://maps.google.com/?q=Nalgo nda+Collectorate,https://suryapet.telangana.gov.in/disaster-management/,VERIFIED,MEDIU M,2026-06-20T16:23:07.945531,2026-06-20T16:23:07.945531
DMO_ADIL_001,Disaster Management Office,Adilabad District Disaster Management Authority (DDMA),Adilabad,"District Collectorate, Adilabad, Telangana",1078,108,https://adilabad.telangana.gov.in,,,https://maps.google.com/?q=Adilab ad+Collectorate,https://www.telangana.gov.in/contacts/,VERIFIED,MEDIUM,2026-06-20T16:23:07.945531,2026-06-20T16:23:07.945531
DMO_SIDD_001,Disaster Management Office,Siddipet District Disaster Management Authority (DDMA),Siddipet,"District Collectorate, Siddipet, Telangana",1078,108,https://siddipet.telangana.gov.in,,,https://maps.google.com/?q=Siddipet +Collectorate,https://www.telangana.gov.in/contacts/,VERIFIED,MEDIUM,2026-06-20T16:23:07.945531,2026-06-20T16:23:07.945531
DMO_JAGT_001,Disaster Management Office,Jagtial District Disaster Management Authority (DDMA),Jagtial,"District Collectorate, Jagtial, Telangana",1078,108,https://jagtial.telangana.gov.in,,,https://maps.google.com/?q=Jagtial+C ollectorate,https://www.telangana.gov.in/contacts/,VERIFIED,MEDIUM,2026-06-20T16:23:07.945531,2026-06-20T16:23:07.945531
DMO_MANC_001,Disaster Management Office,Mancherial District Disaster Management Authority (DDMA),Mancherial,"District Collectorate, Mancherial, Telangana",1078,108,https://mancherial.telangana.gov.in,,,https://maps.google.com/?q=Man cherial+Collectorate,https://www.telangana.gov.in/contacts/,VERIFIED,MEDIUM,2026-06-20T16:23:07.945531,2026-06-20T16:23:07.945531
DMO_BHAD_001,Disaster Management Office,Bhadradri Kothagudem District DDMA,Bhadradri Kothagudem,"District Collectorate, Kothagudem, Telangana",1078,108,https://bhadradri.telangana.gov.in,,,https://maps.google.com/?q=Kotha gudem+Collectorate,https://www.telangana.gov.in/contacts/,VERIFIED,MEDIUM,2026-06-20T16:23:07.945531,2026-06-20T16:23:07.945531
DMO_VIKA_001,Disaster Management Office,Vikarabad District Disaster Management Authority (DDMA),Vikarabad,"District Collectorate, Vikarabad, Telangana",1078,108,https://vikarabad.telangana.gov.in,,,https://maps.google.com/?q=Vikar abad+Collectorate,https://www.telangana.gov.in/contacts/,VERIFIED,MEDIUM,2026-06-20T16:23:07.945531,2026-06-20T16:23:07.945531
DMO_YADA_001,Disaster Management Office,Yadadri Bhuvanagiri District DDMA,Yadadri Bhuvanagiri,"District Collectorate, Bhongir, Yadadri Bhuvanagiri, Telangana",1078,108,https://yadadri.telangana.gov.in,,,https://maps.google.com/?q=Bhongir +Collectorate,https://www.telangana.gov.in/contacts/,VERIFIED,MEDIUM,2026-06-20T16:23:07.945531,2026-06-20T16:23:07.945531
DMO_NARA_001,Disaster Management Office,Narayanpet District Disaster Management Authority (DDMA),Narayanpet,"District Collectorate, Narayanpet, Telangana",1078,108,https://narayanpet.telangana.gov.in,,,https://maps.google.com/?q=Nar ayanpet+Collectorate,https://www.telangana.gov.in/contacts/,VERIFIED,MEDIUM,2026-06-20T16:23:07.945531,2026-06-20T16:23:07.945531
DMO_JOGU_001,Disaster Management Office,Jogulamba Gadwal District DDMA,Jogulamba Gadwal,"District Collectorate, Gadwal, Telangana",1078,108,https://gadwal.telangana.gov.in,,,https://maps.google.com/?q=Gadwal +Collectorate,https://www.telangana.gov.in/contacts/,VERIFIED,MEDIUM,2026-06-20T16:23:07.945531,2026-06-20T16:23:07.945531
DMO_PEDD_001,Disaster Management Office,Peddapalli District Disaster Management Authority (DDMA),Peddapalli,"District Collectorate, Peddapalli, Telangana",1078,108,https://peddapalli.telangana.gov.in,,,https://maps.google.com/?q=Pedd apalli+Collectorate,https://www.telangana.gov.in/contacts/,VERIFIED,MEDIUM,2026-06-20T16:23:07.945531,2026-06-20T16:23:07.945531
DMO_RAJA_001,Disaster Management Office,Rajanna Sircilla District DDMA,Rajanna Sircilla,"District Collectorate, Sircilla, Telangana",1078,108,https://rajannasircilla.telangana.gov.in,,,https://maps.google.com/?q=Si rcilla+Collectorate,https://www.telangana.gov.in/contacts/,VERIFIED,MEDIUM,2026-06-20T16:23:07.945531,2026-06-20T16:23:07.945531
DMO_NIRM_001,Disaster Management Office,Nirmal District Disaster Management Authority (DDMA),Nirmal,"District Collectorate, Nirmal, Telangana",1078,108,https://nirmal.telangana.gov.in,,,https://maps.google.com/?q=Nirmal+C ollectorate,https://www.telangana.gov.in/contacts/,VERIFIED,MEDIUM,2026-06-20T16:23:07.945531,2026-06-20T16:23:07.945531
DMO_KAMA_001,Disaster Management Office,Kamareddy District Disaster Management Authority (DDMA),Kamareddy,"District Collectorate, Kamareddy -503111",1078,08468223933,https://kamareddy.telangana.gov.in,18.320500,78.337000,https: //maps.google.com/?q=18.320500+78.337000,https://kamareddy.telangana.gov.in/public-utili ty-category/police/,VERIFIED,MEDIUM,2026-06-20T16:23:07.945531,2026-06-20T16:23:07.945531
DMO_MULU_001,Disaster Management Office,Mulugu District Disaster Management Authority (DDMA),Mulugu,"District Collectorate, Mulugu, Telangana",1078,108,https://mulugu.telangana.gov.in,,,https://maps.google.com/?q=Mulugu +Collectorate,https://www.telangana.gov.in/contacts/,VERIFIED,MEDIUM,2026-06-20T16:23:07.945531,2026-06-20T16:23:07.945531
DMO_NAGA_001,Disaster Management Office,Nagarkurnool District Disaster Management Authority (DDMA),Nagarkurnool,"District Collectorate, Nagarkurnool, Telangana",1078,108,https://nagarkurnool.telangana.gov.in,,,https://maps.google.com/?q=N agarkurnool+Collectorate,https://www.telangana.gov.in/contacts/,VERIFIED,MEDIUM ```,2026-06-20T16:23:07.945531,2026-06-20T16:23:07.945531
ECR_HYDE_001,Emergency Control Room,Telangana State Disaster Control Room,Hyderabad,"Government of Telangana, Dr. B.R. Ambedkar Telangana Secretariat, Hyderabad -500022",1070,,https://www.telangana.gov.in/contacts/emergency-contacts/,,,,https://hyderabad.telangana.gov.in/helpline/,VERIFIED,HIGH,2026-06-20T16:23:07.945531,2026-06-20T16:23:07.945531
ECR_HYDE_002,Emergency Control Room,Telangana Disaster Helpline,Hyderabad,"Government of Telangana, Hyderabad -500022",1077,,https://www.telangana.gov.in/contacts/emergency-contacts/,,,,https://hyderabad.telangana.gov.in/helpline/,VERIFIED,HIGH,2026-06-20T16:23:07.945531,2026-06-20T16:23:07.945531
ECR_HYDE_003,Emergency Control Room,Telangana Integrated Emergency Number (Dial 112),Hyderabad,"Telangana Integrated Command and Control Centre (TGICCC), Road No. 12, Banjara Hills, Hyderabad -500034",112,100,https://www.tspolice.gov.in,17.414778,78.427500,,https://en.wikipedia.org/wiki/Telangana_Integrated_Command_an d_Control_Centre,VERIFIED,HIGH,2026-06-20T16:23:07.945531,2026-06-20T16:23:07.945531
ECR_HYDE_004,Emergency Control Room,Telangana Police DG Control Room,Hyderabad,"Lakdikapul Road, Opposite Ravindra Bharathi, Ambedkar Colony, Lakdikapul, Hyderabad -500004",04023286966,04023286988,https://www.tspolice.gov.in/jsp/emergency.jsp,,,,https://www.tspolice.gov.in/jsp/e mergency.jsp,VERIFIED,HIGH,2026-06-20T16:23:07.945531,2026-06-20T16:23:07.945531
ECR_HYDE_005,Emergency Control Room,Hyderabad District Collectorate Control Room,Hyderabad,"Collectorate, Hyderabad District, Hyderabad, Telangana",04023202813,,https://hyderabad.telangana.gov.in/helpline/,,,,https://hyderabad.telangana.gov.in/helpline/,VERIFIED,HI GH,2026-06-20T16:23:07.945531,2026-06-20T16:23:07.945531
ECR_HYDE_006,Emergency Control Room,GHMC Disaster Department Emergency Control Room,Hyderabad,"CC Complex, Tank Bund Road, Lower Tank Bund, Hyderabad -500063",9000113667,,https://www.ghmc.gov.in,,,,https://indianhelpline.com/telangana-helpline-numbers,VERIFIED,MEDIU M,2026-06-20T16:23:07.945531,2026-06-20T16:23:07.945531
ECR_HYDE_007,Emergency Control Room,Telangana Integrated Command and Control Centre (TGICCC),Hyderabad,"Road No. 12, Banjara Hills, Hyderabad -500034",100,112,https://www.tspolice.gov.in,17.414778,78.427500,,https://en.wikipedia.org/wiki/Telangana_Integrated_Command_an d_Control_Centre,VERIFIED,HIGH,2026-06-20T16:23:07.945531,2026-06-20T16:23:07.945531
ECR_SANG_001,Emergency Control Room,Sangareddy District Collectorate Control Room,Sangareddy,"Integrated Collectorate Complex, Sangareddy -502001",08455276505,,https://sangareddy.telangana.gov.in,,,,https://sangareddy.telangana.gov.in/collectorate-contact/,VERIFIED, HIGH,2026-06-20T16:23:07.945531,2026-06-20T16:23:07.945531
ECR_KHAM_001,Emergency Control Room,Khammam District Collectorate Emergency Room,Khammam,"O/o Integrated District Office Complex, V.V. Palem, Khammam, Telangana -507318",08742224204,,https://khammam.telangana.gov.in,,,,https://khammam.telangana.gov.in/collectorate-staff/,VERIFIED,HIGH,2026-06-20T16:23:07.945531,2026-06-20T16:23:07.945531
ECR_WARA_001,Emergency Control Room,Warangal Urban District Control Room,Warangal,"District Collectorate, Warangal Urban, Telangana",08702510777,18004251115,https://warangalurban.telangana.gov.in,,,,https://covid19.telangana.gov.in/control-roo ms/,VERIFIED,MEDIUM,2026-06-20T16:23:07.945531,2026-06-20T16:23:07.945531
ECR_KARI_001,Emergency Control Room,Karimnagar District Collectorate Control Room,Karimnagar,"Collectorate Complex, Karimnagar -505001",,,,,,,https://www.telangana.go v.in/contacts/,UNVERIFIED,LOW,2026-06-20T16:23:07.945531,2026-06-20T16:23:07.945531
ECR_NIZA_001,Emergency Control Room,Nizamabad District Collectorate Control Room,Nizamabad,"District Collectorate, Nizamabad -503002",,,,,,,https://www.telangana.go v.in/contacts/,UNVERIFIED,LOW,2026-06-20T16:23:07.945531,2026-06-20T16:23:07.945531
ECR_RANG_001,Emergency Control Room,Rangareddy District Emergency Control Room,Rangareddy,"District Collectorate, Rangareddy, Hyderabad",04023230811,04023230813,,,,,https://covid19.telangana.gov.in/control-rooms/,VERIFIED,MEDIUM,2026-06-20T16:23:07.945531,2026-06-20T16:23:07.945531
ECR_HYDE_008,Emergency Control Room,HYDRAA Disaster Response Control Room,Hyderabad,"Buddha Bhavan, Secunderabad, Hyderabad, Telangana",,,https://www.hydraa.telangana.gov.in,,,,https://en.wikipedia.org/wiki/HYDRAA,VERIFIED,MEDIUM,2026-06-20T16:23:07.945531,2026-06-20T16:23:07.945531
ECR_HYDE_009,Emergency Control Room,Telangana Fire and Emergency Services Helpline,Hyderabad,"Fire Services HQ, Hyderabad, Telangana",101,,https://www.telangana.gov.in/contacts/emergency-contacts/,,,,https://www.telangana.gov.in/contacts/emerge ncy-contacts/,VERIFIED,HIGH ⚠ CRITICAL FOR REAL EMERGENCIES WHILE YOU SET UP THE DATASET,2026-06-20T16:23:07.945531,2026-06-20T16:23:07.945531
NU_ALL _001,NDRF Unit,NDRF National Helpline,All India,"Directorate General, NDRF, 6th Floor, NDCC-II Building, Jai Singh Road, New Delhi -110001",+919711077372,,,28.625900,77.209600,https://maps.google. com/?q=NDCC+II+Jai+Singh+Road+New+Delhi,https://ndrf.gov.in/en/contact-us,VERIFIED, HIGH,2026-06-20T16:23:07.945531,2026-06-20T16:23:07.945531
NU_ANDH_001,NDRF Unit,10th Battalion NDRF (Permanent HQ - covers Telangana),Andhra Pradesh & Telangana,"Gannavaram, Vijayawada, Andhra Pradesh -521101",+919711077372,,,16.530000,80.796700,https://maps.google. com/?q=NDRF+10th+Battalion+Gannavaram+Vijayawada,https://ndrf.gov.in/en/ndrf-units,VE RIFIED,HIGH,2026-06-20T16:23:07.945531,2026-06-20T16:23:07.945531
NU_TELA_001,NDRF Unit,NDRF Temporary Forward Base - Amberpet (Hyderabad),Telangana,"Amberpet Police Training College (PTC), Amberpet, Hyderabad, Telangana",,+919711077372,,17.407100,78.534800,https://maps.goo gle.com/?q=Amberpet+Police+Training+College+Hyderabad,https://www.siasat.com/ndrfs-te mporary-base-for-150-personnel-to-come-up-in-amberpet-3205894/,VERIFIED,HIGH,2026-06-20T16:23:07.945531,2026-06-20T16:23:07.945531
NU_TELA_002,NDRF Unit,NDRF Planned Permanent Camp - Shamshabad (Future),Telangana,"Hamidullah Nagar, Shamshabad, Rangareddy, Telangana -501218",,+919711077372,,17.237900,78.429900,https://maps.google. com/?q=Hamidullah+Nagar+Shamshabad+Hyderabad,https://www.siasat.com/ndrfs-tempor ary-base-for-150-personnel-to-come-up-in-amberpet-3205894/,VERIFIED,HIGH,2026-06-20T16:23:07.945531,2026-06-20T16:23:07.945531
NU_TELA_003,NDRF Unit,NDRF Previous Base - Sheikhpet GHMC Sports Complex Manikonda,Telangana,"GHMC Sports Complex, Sheikhpet, Manikonda, Hyderabad, Telangana",,+919711077372,,17.399400,78.378600,https://maps.goo gle.com/?q=GHMC+Sports+Complex+Manikonda+Hyderabad,https://www.siasat.com/ndrfs-t emporary-base-for-150-personnel-to-come-up-in-amberpet-3205894/,VERIFIED,MEDIUM,2026-06-20T16:23:07.945531,2026-06-20T16:23:07.945531
NU_BHAD_001,NDRF Unit,NDRF Staging Area - Kothagudem (Flood Season),Bhadradri Kothagudem,"Kothagudem, Bhadradri Kothagudem District, Telangana",,+919711077372,,17.550000,80.633300,https://maps.goo gle.com/?q=Kothagudem+Telangana,https://telanganatoday.com/telangana-rains-ndrf-and-s drf-teams-kept-standby-for-rescue-operations,VERIFIED,MEDIUM,2026-06-20T16:23:07.945531,2026-06-20T16:23:07.945531
NU_MULU_001,NDRF Unit,NDRF Staging Area - Mulugu (Flood Season),Mulugu,"Mulugu, Mulugu District, Telangana",,+919711077372,,18.183300,80.050000,https://maps.goo gle.com/?q=Mulugu+Telangana,https://telanganatoday.com/telangana-rains-ndrf-and-sdrf-te ams-kept-standby-for-rescue-operations,VERIFIED,MEDIUM,2026-06-20T16:23:07.945531,2026-06-20T16:23:07.945531
NU_KHAM_001,NDRF Unit,NDRF Deployment Zone - Khammam (Flood / Cyclone Season),Khammam,"Khammam District, Telangana",,+919711077372,,17.250000,80.150000,https://maps.goo gle.com/?q=Khammam+District+Telangana,https://www.telanganatribune.com/centre-deploy s-9-ndrf-teams-to-telangana/,VERIFIED,MEDIUM,2026-06-20T16:23:07.945531,2026-06-20T16:23:07.945531
NU_WARA_001,NDRF Unit,NDRF Deployment Zone - Warangal (Flood Season),Warangal,"Warangal District, Telangana",,+919711077372,,18.016700,79.633300,https://maps.goo gle.com/?q=Warangal+District+Telangana,https://www.telanganatribune.com/centre-deploys-9-ndrf-teams-to-telangana/,VERIFIED,MEDIUM,2026-06-20T16:23:07.945531,2026-06-20T16:23:07.945531
NU_SOUT_001,NDRF Unit,NDRF South Zone DIG Office (Controls 10th Bn),South India,"South Zone, NDRF (Controls 3rd, 4th, 5th and 10th Battalions)",,+919711077372,,,,https://maps.google.com/?q=NDRF+S outh+Zone,https://ndrf.gov.in/channels,VERIFIED,MEDIUM ```,2026-06-20T16:23:07.945531,2026-06-20T16:23:07.945531
POL_HYDE_001,Police Station,Telangana Police State HQ,Hyderabad,"DGP Office, Saifabad, Hyderabad, Telangana -500004",04023286966,04023286988,https://www.tspolice.gov.in,,,,https://www.tspolice.gov.in/jsp/emergency.jsp,VERIFIE D,HIGH,2026-06-20T16:23:07.945531,2026-06-20T16:23:07.945531
POL_HYDE_002,Police Station,Hyderabad City Police Commissionerate (TGICCC),Hyderabad,"Tower-A, ICCC Building, Road No. 12, Banjara Hills, Hyderabad -500034",100,112,https://www.hyderabadpolice.gov.in,17.414778,78.427500,,https://hyderabadpolice.gov.in/Important_Contacts.html, VERIFIED,HIGH,2026-06-20T16:23:07.945531,2026-06-20T16:23:07.945531
POL_HYDE_003,Police Station,Abids Police Station,Hyderabad,"Nizam College, Grammar School, Abids X Road, Hyderabad -500001",9490616303,,http://www.hyderabadpolice.gov.in/ps/Abidsps.htm,,,,https://hyderabad.telangana.gov.in/public-utilit y-category/police-stations/,VERIFIED,HIGH,2026-06-20T16:23:07.945531,2026-06-20T16:23:07.945531
POL_HYDE_004,Police Station,Afzalgunj Police Station,Hyderabad,"Beside Musi River, Osmania General Hospital Complex, Opp Afzalgunj City Bus Terminal, Hyderabad -500012",9490616248,,http://www.hyderabadpolice.gov.in/ps/afzalgunjps.htm,,,,https://hyderabad.telangana.gov.in/publ ic-utility-category/police-stations/,VERIFIED,HIGH,2026-06-20T16:23:07.945531,2026-06-20T16:23:07.945531
POL_HYDE_005,Police Station,Begumbazar Police Station,Hyderabad,"Begumbazar, Hyderabad -500012",9490616310,,http://www.hyderabadpolice.gov.in/ps/begumbazarps.htm,,,,https://hyderabad.telangana.go v.in/public-utility-category/police-stations/,VERIFIED,HIGH,2026-06-20T16:23:07.945531,2026-06-20T16:23:07.945531
POL_HYDE_006,Police Station,Begumpet Police Station,Hyderabad,"Begumpet Police Lines, Sardar Patel Main Road, Opp Splendid Towers, Begumpet, Secunderabad -500016",9490616419,,http://www.hyderabadpolice.gov.in/ps/begumpetps.htm,,,,https://hyderabad.telangana.gov.in/p ublic-utility-category/police-stations/,VERIFIED,HIGH,2026-06-20T16:23:07.945531,2026-06-20T16:23:07.945531
POL_HYDE_007,Police Station,Bhavani Nagar Police Station,Hyderabad,"Opp Navabharath P.G. College, Bollarum, Near St. Anns High School, Bollarum, Hyderabad -500016",9490616534,,http://www.hyderabadpolice.gov.in/ps/bhavaninagarps.html,,,,https://hyderabad.telangan a.gov.in/public-utility-category/police-stations/,VERIFIED,HIGH,2026-06-20T16:23:07.945531,2026-06-20T16:23:07.945531
POL_HYDE_008,Police Station,Bollarum Police Station,Hyderabad,"Near St. Anns High School & Jr College, Bollarum, Hyderabad",9490616409,,http://www.hyderabadpolice.gov.in/ps/bollarumps.htm,,,,https://hyderabad.telangana.gov.in/p ublic-utility-category/police-stations/,VERIFIED,HIGH,2026-06-20T16:23:07.945531,2026-06-20T16:23:07.945531
POL_HYDE_009,Police Station,SR Nagar Police Station,Hyderabad,"S.R. Nagar X Roads towards Umesh Chandra Statue, Opp. Govt. Urban Health Post, S.R. Nagar, Hyderabad",9490616619,,http://www.hyderabadpolice.gov.in/ps/srnagarps.htm,,,,https://hyderabad.telangana.gov.in/p ublic-utility/sr-nagar-police-station/,VERIFIED,HIGH,2026-06-20T16:23:07.945531,2026-06-20T16:23:07.945531
POL_HYDE_010,Police Station,Nampally Police Station,Hyderabad,"Court II Addl.CMM, Nampally Criminal Court, Back Side of Court, Nampally Railway Station, Hyderabad",,,,,,,https://hy derabad.telangana.gov.in/public-utility-category/police-stations/,VERIFIED,MEDIUM,2026-06-20T16:23:07.945531,2026-06-20T16:23:07.945531
POL_HYDE_011,Police Station,Amberpet Police Station,Hyderabad,"Near Sree Ramana X Road towards Dilsukhnagar, Near Saldana Gate of SAR/CPL, Amberpet, Hyderabad",,,,,,,https://hy derabad.telangana.gov.in/public-utility-category/police-stations/,VERIFIED,MEDIUM,2026-06-20T16:23:07.945531,2026-06-20T16:23:07.945531
POL_KHAM_001,Police Station,Khammam Police Commissionerate (CP Office),Khammam,"Khammam Commissionerate, Khammam, Telangana",8712659246,8712659260,https://khammam.telangana.gov.in,,,,https://khammam.telangana.gov.in/police/,V ERIFIED,HIGH,2026-06-20T16:23:07.945531,2026-06-20T16:23:07.945531
POL_KHAM_002,Police Station,Khammam Addl. DCP L&O Office,Khammam,"Khammam Commissionerate, Khammam, Telangana",8712659102,,https://khammam.telangana.gov.in,,,,https://khammam.telangana.gov.in/police/,VERIFIED,HIGH,2026-06-20T16:23:07.945531,2026-06-20T16:23:07.945531
POL_KAMA_001,Police Station,Kamareddy Additional SP Office,Kamareddy,"District Police Office, Kamareddy -503111",08468223933,,https://kamareddy.telangana.gov.in,18.320500,78.337000,,https://kamareddy.telangana.gov.in/public-utility-c ategory/police/,VERIFIED,HIGH,2026-06-20T16:23:07.945531,2026-06-20T16:23:07.945531
POL_SANG_001,Police Station,Sangareddy District Police Control Room,Sangareddy,"FRS Road, Sangareddy, Telangana -502001",100,,https://sangareddy.telangana.gov.in,,,,https://sangareddy.telangana.gov.in/helpline/,VERIFIED,HIGH,2026-06-20T16:23:07.945531,2026-06-20T16:23:07.945531
POL_SANG_002,Police Station,CID Regional Office Sangareddy,Sangareddy,"H.No. 3-4-37, FRS Road, Sangareddy, Sangareddy District, Telangana",,,,,,,https://cid.tspolice.gov.in/conta ct,VERIFIED,MEDIUM,2026-06-20T16:23:07.945531,2026-06-20T16:23:07.945531
POL_KARI_001,Police Station,CID Regional Office Karimnagar,Karimnagar,"H.No. 4-69/63/4, Vidyaranyapuri, Road No.1, Karimnagar, Telangana",,,,,,,https://cid.tspolice.gov.in/conta ct,VERIFIED,MEDIUM,2026-06-20T16:23:07.945531,2026-06-20T16:23:07.945531
POL_WARA_001,Police Station,CID Regional Office Warangal,Warangal,"H.No. 2-7-676, Excise Colony, Subedari, Hanamkonda, Warangal District, Telangana",,,,,,,https://cid.tspolice.gov.in/contact, VERIFIED,MEDIUM,2026-06-20T16:23:07.945531,2026-06-20T16:23:07.945531
POL_NIZA_001,Police Station,CID Regional Office Nizamabad,Nizamabad,"H.No. 6-25-310/5/A, Opp. Sant Nirankari Bhavan, Dubba, Nizamabad -503001",,,,,,,https://cid.tspolice.gov.in/contact, VERIFIED,MEDIUM,2026-06-20T16:23:07.945531,2026-06-20T16:23:07.945531
POL_NALG_001,Police Station,CID Regional Office Nalgonda,Nalgonda,"H.No. 1-43, Hyderabad Road, Near RTO Office, Branch Post Office Marriguda, Nalgonda -508001",,,,,,,https://cid.tspolice.gov.in/contact,VE RIFIED,MEDIUM,2026-06-20T16:23:07.945531,2026-06-20T16:23:07.945531
POL_HYDE_012,Police Station,CID Headquarters Hyderabad,Hyderabad,"3rd Floor, DGP Office, Lakdikapul, Hyderabad -500004",04027852274,,https://cid.tspolice.gov.in,,,,https://cid.tspolice.gov.in/contact,VERIFIED,HIGH,2026-06-20T16:23:07.945531,2026-06-20T16:23:07.945531
POL_WARA_002,Police Station,Warangal Police Commissionerate,Warangal,"Police Commissionerate, Warangal, Telangana -506001",0870,,https://www.tspolice.gov.in,18.016700,79.633300,,https://en.wikipedia.org/wiki/Warangal_Police_Commis sionerate,VERIFIED,MEDIUM,2026-06-20T16:23:07.945531,2026-06-20T16:23:07.945531
POL_NIZA_002,Police Station,Nizamabad Police Commissionerate,Nizamabad,"Police Commissionerate, Nizamabad, Telangana -503002",,,https://www.tspolice.gov.in,,,,https://en.wikipedia.org/wiki/Telangana_Police,VERIFIED,MEDIUM,2026-06-20T16:23:07.945531,2026-06-20T16:23:07.945531
POL_RANG_001,Police Station,Cyberabad Police Commissionerate,Rangareddy,"Gachibowli, Hyderabad, Rangareddy District, Telangana -500032",,,https://www.cyberabadpolice.gov.in,,,,https://en.wikipedia.org/wiki/Cyberabad_Metropolitan_Poli ce,VERIFIED,HIGH,2026-06-20T16:23:07.945531,2026-06-20T16:23:07.945531
POL_MEDC_001,Police Station,Malkajgiri Police Commissionerate,Medchal-Malkajgiri,"Neredmet, Medchal-Malkajgiri District, Telangana",,,http://rachakondapolice.telangana.gov.in/,,,,https://en.wikipedia.org/wiki/Malkajgiri_Police_Com missionerate,VERIFIED,MEDIUM,2026-06-20T16:23:07.945531,2026-06-20T16:23:07.945531
POL_RANG_002,Police Station,Future City Police Commissionerate,Rangareddy,"Kongara Kalan, Rangareddy District, Telangana",,,https://www.tspolice.gov.in/future-city,,,,https://en.wikipedia.org/wiki/Future_City_Police_ Commissionerate,VERIFIED,MEDIUM,2026-06-20T16:23:07.945531,2026-06-20T16:23:07.945531
POL_PEDD_001,Police Station,Ramagundam Police Commissionerate,Peddapalli,"Ramagundam, Peddapalli District, Telangana",,,https://www.tspolice.gov.in,,,,https://en.wikipedia.org/wiki/Telangana_Police,VERIFIED,MEDIUM ```,2026-06-20T16:23:07.945531,2026-06-20T16:23:07.945531
